[true] E-SHD (DiBS),[true] neg. LL (DiBS),[true] AUROC (DiBS),[true] AUPRC (DiBS),[true] F1 (DiBS),[true] precision (DiBS),[true] recall (DiBS),[true] E-SHD (DiBS+),[true] neg. LL (DiBS+),[true] AUROC (DiBS+),[true] AUPRC (DiBS+),[true] F1 (DiBS+),[true] precision (DiBS+),[true] recall (DiBS+),[learned] E-SHD (DiBS),[learned] neg. LL (DiBS),[learned] AUROC (DiBS),[learned] AUPRC (DiBS),[learned] F1 (DiBS),[learned] precision (DiBS),[learned] recall (DiBS),[learned] E-SHD (DiBS+),[learned] neg. LL (DiBS+),[learned] AUROC (DiBS+),[learned] AUPRC (DiBS+),[learned] F1 (DiBS+),[learned] precision (DiBS+),[learned] recall (DiBS+),[noisy] E-SHD (DiBS),[noisy] neg. LL (DiBS),[noisy] AUROC (DiBS),[noisy] AUPRC (DiBS),[noisy] F1 (DiBS),[noisy] precision (DiBS),[noisy] recall (DiBS),[noisy] E-SHD (DiBS+),[noisy] neg. LL (DiBS+),[noisy] AUROC (DiBS+),[noisy] AUPRC (DiBS+),[noisy] F1 (DiBS+),[noisy] precision (DiBS+),[noisy] recall (DiBS+)
13.684213638305664,1401.8409423828125,0.935152374202693,0.7628248900759705,0.38095238095238093,1.0,0.23529411764705882,15.000000953674316,1139.207275390625,0.6463501063075833,0.5041978609625668,0.42857142857142855,0.5454545454545454,0.35294117647058826,16.500001907348633,837.9104614257812,0.5825655563430191,0.5381372549019608,0.0,0.0,0.0,15.039233207702637,829.0905151367188,0.553508150248051,0.48676470588235293,0.21052631578947367,1.0,0.11764705882352941,23.285707473754883,18218.783203125,0.4617292700212615,0.15453654188948307,0.0,0.0,0.0,28.999998092651367,9276.13671875,0.42168674698795183,0.085,0.0,0.0,0.0
16.200000762939453,1417.5701904296875,0.9323175053153792,0.656685509265711,0.4347826086956522,0.8333333333333334,0.29411764705882354,9.0,1069.150146484375,0.7994330262225371,0.7201960784313726,0.6875,0.7333333333333333,0.6470588235294118,16.500001907348633,904.301025390625,0.6250885896527285,0.3765686274509804,0.0,0.0,0.0,17.000009536743164,898.3724975585938,0.609851169383416,0.2740030557677617,0.09523809523809523,0.25,0.058823529411764705,23.18181800842285,20531.001953125,0.5272856130403969,0.16111344451901724,0.0,0.0,0.0,24.0,12855.498046875,0.445074415308292,0.1427450980392157,0.0625,0.06666666666666667,0.058823529411764705
12.368424415588379,1947.14501953125,0.9762579730687455,0.9084434234782532,0.5217391304347826,1.0,0.35294117647058826,5.000000476837158,1009.8289794921875,0.8529411764705883,0.8779411764705882,0.8275862068965517,1.0,0.7058823529411765,15.799997329711914,1086.2308349609375,0.667611622962438,0.6383333333333333,0.0,0.0,0.0,15.000000953674316,996.511474609375,0.5825655563430191,0.5381372549019608,0.21052631578947367,1.0,0.11764705882352941,21.166671752929688,37968.26953125,0.6583982990786676,0.21715686274509804,0.0,0.0,0.0,21.000001907348633,26586.505859375,0.5634301913536499,0.33649321266968324,0.26666666666666666,0.3076923076923077,0.23529411764705882
15.44999885559082,1553.861328125,0.9390503189227498,0.6686442324677618,0.10526315789473684,0.5,0.058823529411764705,6.0,1021.19482421875,0.9209780297661234,0.8582620320855614,0.7586206896551724,0.9166666666666666,0.6470588235294118,16.799997329711914,851.8916625976562,0.5279943302622254,0.22408963585434175,0.0,0.0,0.0,16.97812843322754,843.7042846679688,0.5272856130403969,0.22408963585434175,0.0,0.0,0.0,24.799997329711914,15265.3505859375,0.4624379872430901,0.13751700680272108,0.0,0.0,0.0,27.000001907348633,11547.8525390625,0.4684620836286322,0.1926470588235294,0.11764705882352941,0.11764705882352941,0.11764705882352941
13.73684310913086,1689.0797119140625,0.9557051736357194,0.7340324435912671,0.2,0.6666666666666666,0.11764705882352941,7.000000953674316,1008.2902221679688,0.8114812189936216,0.776606334841629,0.7333333333333334,0.8461538461538461,0.6470588235294118,16.500001907348633,864.7642211914062,0.6119773210489015,0.5855882352941177,0.0,0.0,0.0,16.984743118286133,862.7390747070312,0.6102055279943303,0.5071568627450981,0.0,0.0,0.0,24.624996185302734,15213.98828125,0.4574769666902906,0.15000555214634287,0.0,0.0,0.0,23.000001907348633,12871.470703125,0.5099220411055989,0.2519852941176471,0.1818181818181818,0.1875,0.17647058823529413
15.68750286102295,2370.094970703125,0.9401133947554925,0.7287378505921738,0.2,0.6666666666666666,0.11764705882352941,17.0,1067.9024658203125,0.8104181431608788,0.49828437591159175,0.33333333333333337,0.38461538461538464,0.29411764705882354,16.65000343322754,948.1992797851562,0.6027639971651312,0.3867156862745098,0.0,0.0,0.0,16.968006134033203,926.4422607421875,0.5889440113394756,0.3875957049486461,0.19047619047619047,0.5,0.11764705882352941,20.999996185302734,17985.982421875,0.5556343019135364,0.31841547429782724,0.2,0.6666666666666666,0.11764705882352941,20.000001907348633,14322.4150390625,0.5400425230333097,0.29459893048128344,0.21428571428571427,0.2727272727272727,0.17647058823529413
11.473687171936035,2092.37744140625,0.9688164422395464,0.8490720853527881,0.5,0.8571428571428571,0.35294117647058826,6.0,955.973388671875,0.8408929836995039,0.8065126050420168,0.7741935483870968,0.8571428571428571,0.7058823529411765,15.900002479553223,882.5057983398438,0.6006378454996457,0.46794117647058825,0.1111111111111111,1.0,0.058823529411764705,15.124554634094238,881.794921875,0.6002834868887315,0.4462324929971989,0.2,0.6666666666666666,0.11764705882352941,22.285715103149414,18193.3984375,0.5960311835577604,0.22502801120448182,0.0,0.0,0.0,21.000001907348633,14932.3779296875,0.5166548547129696,0.24493464052287583,0.15384615384615383,0.2222222222222222,0.11764705882352941
13.800000190734863,1590.6875,0.9411764705882353,0.7517113907602196,0.48,0.75,0.35294117647058826,11.000000953674316,1014.3983764648438,0.7345854004252304,0.6261344537815127,0.5806451612903226,0.6428571428571429,0.5294117647058824,15.94999885559082,895.458251953125,0.6123316796598157,0.5929411764705883,0.0,0.0,0.0,14.194491386413574,889.0805053710938,0.6130403968816442,0.6061764705882353,0.3,1.0,0.17647058823529413,24.333337783813477,24214.052734375,0.4496810772501772,0.14018716577540105,0.0,0.0,0.0,23.000001907348633,17790.1953125,0.5279943302622254,0.27361990950226245,0.20000000000000004,0.23076923076923078,0.17647058823529413
12.842103958129883,1182.5428466796875,0.9790928419560595,0.910656051894442,0.3,1.0,0.17647058823529413,11.000000953674316,1008.0556640625,0.7480510276399718,0.5987254901960783,0.5517241379310345,0.6666666666666666,0.47058823529411764,16.35000228881836,929.7140502929688,0.630049610205528,0.5122058823529412,0.0,0.0,0.0,15.23805046081543,926.0867309570312,0.6009922041105599,0.4707422969187675,0.21052631578947367,1.0,0.11764705882352941,23.000001907348633,18969.955078125,0.6148121899362156,0.21001664816870144,0.0,0.0,0.0,23.000001907348633,14829.814453125,0.5907158043940467,0.3231487889273357,0.23529411764705882,0.23529411764705882,0.23529411764705882
16.888887405395508,1806.9986572265625,0.9209780297661233,0.5550431921020157,0.2727272727272727,0.6,0.17647058823529413,20.000001907348633,1015.03173828125,0.6041814316087881,0.3981372549019607,0.34285714285714286,0.3333333333333333,0.35294117647058826,16.899995803833008,964.7657470703125,0.6371367824238129,0.28398692810457515,0.0,0.0,0.0,16.0,929.4108276367188,0.6261516654854712,0.3745261437908497,0.1818181818181818,0.4,0.11764705882352941,21.428571701049805,19587.064453125,0.6311126860382708,0.2223040337416431,0.0,0.0,0.0,22.000001907348633,18166.525390625,0.48653437278525863,0.20525210084033613,0.12903225806451615,0.14285714285714285,0.11764705882352941
16.29412078857422,3012.911376953125,0.9057406094968108,0.6210695894519423,0.4166666666666667,0.7142857142857143,0.29411764705882354,19.0,1026.107666015625,0.6215450035435861,0.4225490196078431,0.36842105263157887,0.3333333333333333,0.4117647058823529,16.049997329711914,1022.1043701171875,0.6406803685329554,0.4653335390100096,0.0,0.0,0.0,14.000001907348633,987.3389282226562,0.6020552799433027,0.49441176470588233,0.3,1.0,0.17647058823529413,19.375,27018.859375,0.7094259390503189,0.368921568627451,0.1,0.3333333333333333,0.058823529411764705,23.000001907348633,19843.9921875,0.4631467044649185,0.15107843137254903,0.06896551724137931,0.08333333333333333,0.058823529411764705
14.499999046325684,1315.7464599609375,0.888731396172927,0.6177654768152971,0.10526315789473684,0.5,0.058823529411764705,15.000000953674316,950.3048706054688,0.657689581856839,0.48921568627450984,0.43749999999999994,0.4666666666666667,0.4117647058823529,16.85000228881836,869.0128173828125,0.541814316087881,0.35147058823529415,0.0,0.0,0.0,16.000030517578125,862.9970092773438,0.5180722891566265,0.2956862745098039,0.1111111111111111,1.0,0.058823529411764705,24.71428680419922,15850.1572265625,0.48582565556343027,0.1451893748952572,0.0,0.0,0.0,27.000001907348633,11901.7353515625,0.43975903614457834,0.085,0.0,0.0,0.0
14.300003051757812,1491.1407470703125,0.9528703047484055,0.6926590579370226,0.3478260869565218,0.6666666666666666,0.23529411764705882,11.000000953674316,1110.959716796875,0.7466335931963146,0.6797058823529412,0.6206896551724139,0.75,0.5294117647058824,15.300000190734863,1030.3575439453125,0.6941885187810065,0.5143659281894576,0.1111111111111111,1.0,0.058823529411764705,14.95630168914795,1009.0545043945312,0.680722891566265,0.511935531788473,0.19047619047619047,0.5,0.11764705882352941,22.000001907348633,28006.033203125,0.6481218993621546,0.25348739495798317,0.08333333333333333,0.14285714285714285,0.058823529411764705,22.000001907348633,20578.537109375,0.5634301913536499,0.33649321266968324,0.26666666666666666,0.3076923076923077,0.23529411764705882
17.105266571044922,1597.6595458984375,0.9039688164422396,0.5823814288739391,0.2,0.6666666666666666,0.11764705882352941,12.999999046325684,1168.7021484375,0.7051736357193481,0.5879864253393665,0.5333333333333333,0.6153846153846154,0.47058823529411764,16.549997329711914,923.0526123046875,0.5931963146704465,0.3990336134453782,0.0,0.0,0.0,16.00000762939453,897.6094970703125,0.5935506732813607,0.38376750700280104,0.19047619047619047,0.5,0.11764705882352941,22.874998092651367,17676.091796875,0.5294117647058824,0.21930744711677774,0.0,0.0,0.0,24.0,13231.80078125,0.4691708008504607,0.15486631016042782,0.07142857142857142,0.09090909090909091,0.058823529411764705
14.05000114440918,1307.876220703125,0.929128277817151,0.7479338970598185,0.1111111111111111,1.0,0.058823529411764705,12.999999046325684,1029.205078125,0.7345854004252304,0.6261344537815127,0.5806451612903226,0.6428571428571429,0.5294117647058824,17.149999618530273,849.9805908203125,0.5049610205527995,0.1814705882352941,0.0,0.0,0.0,17.019262313842773,846.8573608398438,0.5042523033309709,0.18,0.0,0.0,0.0,22.000001907348633,19662.224609375,0.5255138199858257,0.32205882352941173,0.0,0.0,0.0,25.000001907348633,16466.11328125,0.43975903614457834,0.085,0.0,0.0,0.0
14.666666984558105,2335.8935546875,0.9340892983699504,0.7522765246449457,0.45454545454545453,1.0,0.29411764705882354,11.000000953674316,1098.4183349609375,0.7863217576187101,0.6667647058823529,0.6206896551724139,0.75,0.5294117647058824,16.59999656677246,1091.52783203125,0.678951098511694,0.3976483320600968,0.0,0.0,0.0,18.0,1003.3540649414062,0.6530829199149539,0.36202522967228845,0.09523809523809523,0.25,0.058823529411764705,22.090909957885742,20044.6171875,0.669029057406095,0.29322060531529687,0.10526315789473684,0.5,0.058823529411764705,22.000001907348633,14009.662109375,0.5106307583274273,0.2338235294117647,0.14814814814814817,0.2,0.11764705882352941
14.111112594604492,1562.2037353515625,0.9677533664068037,0.8756759225429303,0.38095238095238093,1.0,0.23529411764705882,10.0,1166.65771484375,0.8490432317505314,0.7280937638213181,0.6451612903225806,0.7142857142857143,0.5882352941176471,17.099998474121094,986.6880493164062,0.6038270729978739,0.30395212630506746,0.0,0.0,0.0,18.0,924.717041015625,0.5272856130403969,0.2496498599439776,0.0909090909090909,0.2,0.058823529411764705,24.750001907348633,24175.564453125,0.4585400425230334,0.20479480164158687,0.0,0.0,0.0,25.999998092651367,19127.546875,0.4571226080793763,0.1478733031674208,0.06666666666666667,0.07692307692307693,0.058823529411764705
13.500000953674316,1306.006591796875,0.9472005669737775,0.7608661950566885,0.38095238095238093,1.0,0.23529411764705882,12.0,983.862060546875,0.7345854004252304,0.6261344537815127,0.5806451612903226,0.6428571428571429,0.5294117647058824,16.399999618530273,848.2824096679688,0.6392629340892984,0.5354901960784313,0.0,0.0,0.0,15.997997283935547,842.96630859375,0.6392629340892984,0.5384313725490196,0.10526315789473684,0.5,0.058823529411764705,24.700002670288086,13029.306640625,0.45960311835577605,0.14043315877075468,0.0,0.0,0.0,24.0,10844.748046875,0.48653437278525863,0.20525210084033613,0.12903225806451615,0.14285714285714285,0.11764705882352941
15.526317596435547,1801.0072021484375,0.9149539333805812,0.6226720794418563,0.4347826086956522,0.8333333333333334,0.29411764705882354,20.000001907348633,1206.3839111328125,0.5807937632884479,0.36330882352941174,0.30303030303030304,0.3125,0.29411764705882354,16.700000762939453,917.4928588867188,0.5311835577604536,0.27948179271708684,0.0,0.0,0.0,17.0,908.2235107421875,0.5301204819277109,0.2834033613445378,0.1818181818181818,0.4,0.11764705882352941,23.249998092651367,14732.2392578125,0.5715804394046776,0.21583044982698962,0.0,0.0,0.0,25.000001907348633,12501.71875,0.48653437278525863,0.20525210084033613,0.12903225806451615,0.14285714285714285,0.11764705882352941
15.60000228881836,1350.9365234375,0.8979447200566975,0.7089027598218774,0.1111111111111111,1.0,0.058823529411764705,15.000000953674316,1017.6016235351562,0.6931254429482637,0.5469607843137254,0.5,0.5333333333333333,0.47058823529411764,15.699999809265137,907.9174194335938,0.6325301204819277,0.542843137254902,0.0,0.0,0.0,14.028839111328125,892.338623046875,0.631467044649185,0.5349299719887955,0.3,1.0,0.17647058823529413,21.571422576904297,31776.6640625,0.6204819277108435,0.280233648436603,0.10526315789473684,0.5,0.058823529411764705,20.000001907348633,18134.2421875,0.5634301913536499,0.33649321266968324,0.26666666666666666,0.3076923076923077,0.23529411764705882
16.812498092651367,1609.3887939453125,0.9245216158752658,0.5694505793770499,0.1,0.3333333333333333,0.058823529411764705,8.0,1026.5701904296875,0.8114812189936216,0.776606334841629,0.7333333333333334,0.8461538461538461,0.6470588235294118,16.65000343322754,919.7575073242188,0.5843373493975904,0.3231932773109244,0.0,0.0,0.0,16.0,889.287841796875,0.540396881644224,0.31470588235294117,0.10526315789473684,0.5,0.058823529411764705,22.999996185302734,23221.005859375,0.5659107016300496,0.19110644257703083,0.0,0.0,0.0,20.000001907348633,17202.42578125,0.6102055279943304,0.40794117647058825,0.35294117647058826,0.35294117647058826,0.35294117647058826
13.699999809265137,1266.89990234375,0.9330262225372076,0.6527339439913603,0.3636363636363636,0.8,0.23529411764705882,10.0,965.0147094726562,0.7760453579021971,0.7137330316742082,0.6666666666666667,0.7692307692307693,0.5882352941176471,16.399999618530273,871.2341918945312,0.5825655563430191,0.5381372549019608,0.0,0.0,0.0,15.315690040588379,870.1294555664062,0.5825655563430191,0.5381372549019608,0.21052631578947367,1.0,0.11764705882352941,22.250001907348633,23577.283203125,0.6598157335223245,0.2111448413380548,0.0,0.0,0.0,23.000001907348633,14952.8837890625,0.5219702338766833,0.2653781512605042,0.1935483870967742,0.21428571428571427,0.17647058823529413
17.388893127441406,4026.103271484375,0.9142452161587526,0.6117995326472836,0.19047619047619047,0.5,0.11764705882352941,12.0,1229.4923095703125,0.7267895109851169,0.5456951871657754,0.5,0.6363636363636364,0.4117647058823529,16.200000762939453,1051.4072265625,0.7101346562721473,0.4475725744843392,0.0,0.0,0.0,12.0,1015.9318237304688,0.6732813607370659,0.5285905271199389,0.4166666666666667,0.7142857142857143,0.29411764705882354,21.200002670288086,32552.197265625,0.627214741318214,0.2663211951447246,0.09523809523809523,0.25,0.058823529411764705,23.000001907348633,23907.677734375,0.49858256555634306,0.21715686274509804,0.13793103448275862,0.16666666666666666,0.11764705882352941
12.100001335144043,1421.708984375,0.9705882352941176,0.8449018966854477,0.45454545454545453,1.0,0.29411764705882354,9.0,973.1979370117188,0.8288447909284196,0.7529411764705882,0.7272727272727272,0.75,0.7058823529411765,16.899995803833008,866.8756103515625,0.5350815024805103,0.2980392156862745,0.0,0.0,0.0,16.00000762939453,849.9992065429688,0.5407512402551382,0.32941176470588235,0.10526315789473684,0.5,0.058823529411764705,24.333337783813477,16313.947265625,0.47448618001417436,0.2635294117647059,0.2608695652173913,0.5,0.17647058823529413,21.000001907348633,13739.21484375,0.5694542877391922,0.349313725490196,0.27586206896551724,0.3333333333333333,0.23529411764705882
15.38889217376709,1808.0052490234375,0.9316087880935506,0.7723555999940084,0.38095238095238093,1.0,0.23529411764705882,11.000000953674316,1111.5341796875,0.7579730687455706,0.6416176470588235,0.6060606060606061,0.625,0.5882352941176471,15.14999771118164,1077.4970703125,0.7841956059532246,0.6110411209018021,0.0,0.0,0.0,15.000000953674316,994.9389038085938,0.6513111268603827,0.495546218487395,0.2857142857142857,0.75,0.17647058823529413,21.749998092651367,49715.48046875,0.5485471296952515,0.18146167557932263,0.0,0.0,0.0,20.000001907348633,18350.486328125,0.5694542877391922,0.349313725490196,0.27586206896551724,0.3333333333333333,0.23529411764705882
12.500000953674316,1284.1793212890625,0.9645641389085755,0.7908613473173662,0.2,0.6666666666666666,0.11764705882352941,11.000000953674316,1028.032470703125,0.7172218284904324,0.6439304812834226,0.5714285714285714,0.7272727272727273,0.47058823529411764,16.049997329711914,934.5695190429688,0.6902905740609496,0.6009803921568627,0.0,0.0,0.0,16.99758529663086,908.6909790039062,0.6583982990786676,0.5171148459383753,0.10526315789473684,0.5,0.058823529411764705,20.83333396911621,15713.34765625,0.6977321048901488,0.31238209360971514,0.0,0.0,0.0,21.000001907348633,11379.2421875,0.5279943302622254,0.27361990950226245,0.20000000000000004,0.23076923076923078,0.17647058823529413
19.88235092163086,1608.7388916015625,0.8199858256555634,0.4914838146804726,0.10526315789473684,0.5,0.058823529411764705,15.000000953674316,1014.2899780273438,0.7165131112686038,0.5694117647058823,0.5294117647058824,0.5294117647058824,0.5294117647058824,15.849996566772461,961.1630249023438,0.6676116229624379,0.4937102113572702,0.0,0.0,0.0,14.998188018798828,937.931640625,0.6722182849043232,0.5009803921568627,0.2,0.6666666666666666,0.11764705882352941,22.888887405395508,17739.318359375,0.5396881644223954,0.22553789083200848,0.1111111111111111,1.0,0.058823529411764705,23.000001907348633,14792.0166015625,0.5513819985825655,0.3159803921568627,0.25,0.26666666666666666,0.23529411764705882
12.650001525878906,1366.6014404296875,0.9709425939050319,0.8115498021070777,0.3636363636363636,0.8,0.23529411764705882,10.0,980.4385986328125,0.7856130403968816,0.6427450980392156,0.5517241379310345,0.6666666666666666,0.47058823529411764,15.94999885559082,902.298095703125,0.6176470588235294,0.6826470588235294,0.1111111111111111,1.0,0.058823529411764705,14.216374397277832,903.1969604492188,0.6176470588235294,0.6826470588235294,0.3,1.0,0.17647058823529413,20.875,23420.6796875,0.6676116229624379,0.3210105087786749,0.0,0.0,0.0,22.000001907348633,13259.705078125,0.48653437278525863,0.20525210084033613,0.12903225806451615,0.14285714285714285,0.11764705882352941
13.647058486938477,2195.419677734375,0.9624379872430899,0.7612480095634349,0.3478260869565218,0.6666666666666666,0.23529411764705882,9.0,1083.754150390625,0.7994330262225371,0.7201960784313726,0.6875,0.7333333333333333,0.6470588235294118,16.0,944.7088623046875,0.6123316796598158,0.46686274509803927,0.1111111111111111,1.0,0.058823529411764705,15.000000953674316,930.5220947265625,0.5712260807937632,0.42000000000000004,0.21052631578947367,1.0,0.11764705882352941,20.000001907348633,21741.3828125,0.7597448618001418,0.5428230077456083,0.0,0.0,0.0,21.000001907348633,16029.4248046875,0.5219702338766833,0.2653781512605042,0.1935483870967742,0.21428571428571427,0.17647058823529413
14.222222328186035,2126.113037109375,0.9585400425230333,0.7733759205039483,0.38095238095238093,1.0,0.23529411764705882,11.000000953674316,1056.1214599609375,0.7639971651311127,0.6624509803921568,0.625,0.6666666666666666,0.5882352941176471,16.0,930.764404296875,0.5871722182849044,0.40519607843137256,0.1111111111111111,1.0,0.058823529411764705,14.67823600769043,918.3800659179688,0.5917788802267895,0.4257609710550887,0.2,0.6666666666666666,0.11764705882352941,20.19999885559082,32293.20703125,0.6722182849043232,0.29564303982462553,0.19047619047619047,0.5,0.11764705882352941,23.000001907348633,16074.998046875,0.5099220411055989,0.2519852941176471,0.1818181818181818,0.1875,0.17647058823529413
10.42105484008789,1415.54248046875,0.9883061658398298,0.940662392606483,0.5833333333333334,1.0,0.4117647058823529,7.000000953674316,1098.798583984375,0.8054571226080793,0.7463865546218487,0.7096774193548386,0.7857142857142857,0.6470588235294118,16.44999885559082,1019.1287841796875,0.5818568391211907,0.5136274509803922,0.0,0.0,0.0,15.0050048828125,999.155517578125,0.5588235294117647,0.6338235294117647,0.21052631578947367,1.0,0.11764705882352941,22.999996185302734,26979.490234375,0.589652728561304,0.1947428782833888,0.0,0.0,0.0,21.000001907348633,18935.72265625,0.5574060949681078,0.3255042016806723,0.2580645161290323,0.2857142857142857,0.23529411764705882
11.684212684631348,2133.72119140625,0.9716513111268603,0.9203071864197185,0.5833333333333334,1.0,0.4117647058823529,7.000000953674316,1044.9881591796875,0.8823529411764706,0.9023529411764706,0.7407407407407407,1.0,0.5882352941176471,16.049997329711914,894.678955078125,0.611268603827073,0.5659803921568628,0.0,0.0,0.0,15.026815414428711,884.2408447265625,0.6116229624379872,0.5757843137254902,0.21052631578947367,1.0,0.11764705882352941,21.363637924194336,16509.62109375,0.66194188518781,0.2550048842189633,0.1,0.3333333333333333,0.058823529411764705,21.000001907348633,11148.755859375,0.5219702338766833,0.2653781512605042,0.1935483870967742,0.21428571428571427,0.17647058823529413
17.333335876464844,2215.90771484375,0.8738483345145287,0.6649278505230984,0.5,0.8571428571428571,0.35294117647058826,14.000001907348633,1235.1285400390625,0.6931254429482637,0.5469607843137254,0.5,0.5333333333333333,0.47058823529411764,15.24999713897705,1442.47900390625,0.7487597448618002,0.5260932205049852,0.10526315789473684,0.5,0.058823529411764705,14.000001907348633,1218.6160888671875,0.6881644223954642,0.5911764705882354,0.4166666666666667,0.7142857142857143,0.29411764705882354,19.85714340209961,29890.7265625,0.7437987243090006,0.3547021827598964,0.3333333333333333,0.5714285714285714,0.23529411764705882,18.0,23190.59765625,0.657689581856839,0.48921568627450984,0.43749999999999994,0.4666666666666667,0.4117647058823529
15.473688125610352,1523.9959716796875,0.9280652019844082,0.6647681076910048,0.3636363636363636,0.8,0.23529411764705882,17.0,1018.1578369140625,0.6984408221119772,0.5297058823529411,0.48648648648648646,0.45,0.5294117647058824,16.149999618530273,915.1962280273438,0.5786676116229624,0.29437356760886174,0.0,0.0,0.0,16.0,900.9215087890625,0.5839829907866761,0.34259103641456584,0.1,0.3333333333333333,0.058823529411764705,21.999996185302734,24084.162109375,0.5598866052445074,0.24129679144385027,0.0,0.0,0.0,22.000001907348633,15701.6181640625,0.49255846917080087,0.21074660633484166,0.13333333333333333,0.15384615384615385,0.11764705882352941
12.947368621826172,1625.9312744140625,0.9865343727852587,0.9316137150047186,0.21052631578947367,1.0,0.11764705882352941,9.0,1076.01171875,0.7760453579021971,0.7137330316742082,0.6666666666666667,0.7692307692307693,0.5882352941176471,16.200000762939453,917.4595947265625,0.657689581856839,0.41036414565826335,0.1111111111111111,1.0,0.058823529411764705,16.987918853759766,904.7085571289062,0.6265060240963856,0.3576213165919048,0.1818181818181818,0.4,0.11764705882352941,22.999996185302734,16402.94921875,0.5811481218993622,0.22126271561256083,0.0,0.0,0.0,25.000001907348633,12838.1865234375,0.48051027639971655,0.20049019607843138,0.125,0.13333333333333333,0.11764705882352941
11.599998474121094,1394.5816650390625,0.981218993621545,0.9216914921391566,0.5217391304347826,1.0,0.35294117647058826,7.000000953674316,1111.489013671875,0.8348688873139618,0.7779411764705884,0.7500000000000001,0.8,0.7058823529411765,16.099998474121094,958.9207763671875,0.6484762579730687,0.48652533740769033,0.0,0.0,0.0,14.005346298217773,943.5572509765625,0.6509567682494685,0.5222682709447415,0.3,1.0,0.17647058823529413,22.75,25728.865234375,0.6353649893692417,0.2022268907563025,0.0,0.0,0.0,22.000001907348633,18649.03125,0.5574060949681078,0.3255042016806723,0.2580645161290323,0.2857142857142857,0.23529411764705882
13.800000190734863,1589.9442138671875,0.9574769666902907,0.6823672834918509,0.5,0.8571428571428571,0.35294117647058826,12.0,965.9127807617188,0.7459248759744862,0.6068954248366014,0.5714285714285715,0.5555555555555556,0.5882352941176471,15.799997329711914,855.731689453125,0.6364280652019845,0.5747058823529412,0.0,0.0,0.0,14.04944896697998,849.1865844726562,0.6417434443656981,0.6315686274509804,0.3,1.0,0.17647058823529413,22.799999237060547,22163.408203125,0.6194188518781006,0.2700758583976577,0.10526315789473684,0.5,0.058823529411764705,24.0,13204.0947265625,0.515946137491141,0.25823529411764706,0.18750000000000003,0.2,0.17647058823529413
12.736845016479492,1479.670654296875,0.978384124734231,0.8602722511929675,0.4347826086956522,0.8333333333333334,0.29411764705882354,12.0,1037.866455078125,0.7111977321048901,0.6136274509803921,0.5517241379310345,0.6666666666666666,0.47058823529411764,15.799997329711914,958.4014892578125,0.7469879518072289,0.6404901960784314,0.0,0.0,0.0,15.999996185302734,922.0655517578125,0.6587526576895819,0.5255882352941176,0.1111111111111111,1.0,0.058823529411764705,19.875003814697266,26446.734375,0.7274982282069454,0.4498218784506695,0.0,0.0,0.0,17.0,14410.015625,0.6403260099220411,0.4814705882352941,0.41379310344827586,0.5,0.35294117647058826
11.149998664855957,1338.3873291015625,0.9844082211197731,0.8963064476802867,0.3,1.0,0.17647058823529413,6.0,982.8258056640625,0.8469170800850461,0.8394796380090498,0.8000000000000002,0.9230769230769231,0.7058823529411765,17.099998474121094,944.48095703125,0.5393338058114813,0.275,0.0,0.0,0.0,17.000518798828125,929.8017578125,0.5173635719347981,0.25156862745098035,0.10526315789473684,0.5,0.058823529411764705,24.28571319580078,23650.11328125,0.4691708008504607,0.19906948744410047,0.1111111111111111,1.0,0.058823529411764705,28.000003814697266,19442.515625,0.42168674698795183,0.085,0.0,0.0,0.0
14.736841201782227,1440.944580078125,0.9408221119773211,0.7576536834680254,0.45454545454545453,1.0,0.29411764705882354,12.999999046325684,1165.6173095703125,0.6757618710134655,0.5475490196078432,0.4827586206896552,0.5833333333333334,0.4117647058823529,16.59999656677246,883.0353393554688,0.611268603827073,0.3781181563534505,0.0,0.0,0.0,15.996365547180176,865.683837890625,0.6144578313253013,0.42710381122145824,0.2,0.6666666666666666,0.11764705882352941,22.999996185302734,16155.314453125,0.5102763997165131,0.1713938618925831,0.0,0.0,0.0,21.000001907348633,14363.6005859375,0.5574060949681078,0.3255042016806723,0.2580645161290323,0.2857142857142857,0.23529411764705882
17.928573608398438,1601.75732421875,0.892983699503898,0.6968508222111297,0.21052631578947367,1.0,0.11764705882352941,19.0,1080.740966796875,0.6456413890857547,0.4617647058823529,0.4117647058823529,0.4117647058823529,0.4117647058823529,16.950002670288086,1031.6357421875,0.6587526576895818,0.2896498599439776,0.0,0.0,0.0,16.0,947.6740112304688,0.690999291282778,0.43158927928297564,0.2608695652173913,0.5,0.17647058823529413,23.27272605895996,22613.673828125,0.5177179305457122,0.15022142953291157,0.0,0.0,0.0,25.000001907348633,14873.693359375,0.49255846917080087,0.21074660633484166,0.13333333333333333,0.15384615384615385,0.11764705882352941
18.210529327392578,1630.258544921875,0.9085754783841248,0.5805048867373035,0.2857142857142857,0.75,0.17647058823529413,10.0,1123.15576171875,0.770021261516655,0.6862605042016807,0.6451612903225806,0.7142857142857143,0.5882352941176471,15.39999771118164,953.041259765625,0.7023387668320341,0.5740831717302306,0.0,0.0,0.0,13.26648998260498,905.7980346679688,0.6778880226789511,0.5652445593622064,0.38095238095238093,1.0,0.23529411764705882,23.75,22111.83203125,0.557760453579022,0.17411620294599017,0.0,0.0,0.0,28.999998092651367,12158.2783203125,0.4858256555634302,0.23323529411764707,0.16216216216216214,0.15,0.17647058823529413
12.578950881958008,1457.009765625,0.9613749114103471,0.7730757520399465,0.3478260869565218,0.6666666666666666,0.23529411764705882,5.000000476837158,947.82763671875,0.8763288447909283,0.8666386554621848,0.8387096774193549,0.9285714285714286,0.7647058823529411,16.700000762939453,900.7909545898438,0.5421686746987951,0.3446078431372549,0.0,0.0,0.0,15.859825134277344,881.1572875976562,0.5428773919206237,0.36911764705882355,0.21052631578947367,1.0,0.11764705882352941,24.857141494750977,21019.583984375,0.47661233167965983,0.14306475531389026,0.0,0.0,0.0,25.999998092651367,18634.470703125,0.49255846917080087,0.21074660633484166,0.13333333333333333,0.15384615384615385,0.11764705882352941
12.0,1318.562744140625,0.9790928419560595,0.9056814535552471,0.38095238095238093,1.0,0.23529411764705882,12.0,1054.756591796875,0.7579730687455706,0.6416176470588235,0.6060606060606061,0.625,0.5882352941176471,16.65000343322754,907.6524658203125,0.5527994330262226,0.4622549019607843,0.0,0.0,0.0,16.000038146972656,908.7685546875,0.5527994330262226,0.4622549019607843,0.10526315789473684,0.5,0.058823529411764705,22.454545974731445,23900.56640625,0.6484762579730687,0.2258032890575585,0.0,0.0,0.0,18.0,18557.9296875,0.6048901488306166,0.4153921568627451,0.3448275862068966,0.4166666666666667,0.29411764705882354
14.499999046325684,1406.2838134765625,0.9525159461374912,0.688302745847503,0.2,0.6666666666666666,0.11764705882352941,18.0,1081.0697021484375,0.6396172927002126,0.45032679738562087,0.39999999999999997,0.3888888888888889,0.4117647058823529,16.549997329711914,880.1893310546875,0.541814316087881,0.3397058823529412,0.0,0.0,0.0,16.0000057220459,873.3829956054688,0.5400425230333097,0.28578431372549024,0.1,0.3333333333333333,0.058823529411764705,23.888885498046875,22077.505859375,0.44613749114103474,0.15199346405228756,0.0,0.0,0.0,25.999998092651367,18079.84765625,0.4571226080793763,0.1478733031674208,0.06666666666666667,0.07692307692307693,0.058823529411764705
10.25,1713.8800048828125,0.9975194897236004,0.9884457394929076,0.5217391304347826,1.0,0.35294117647058826,8.0,951.071044921875,0.758681785967399,0.7547058823529411,0.6666666666666667,0.9,0.5294117647058824,16.399999618530273,909.4920654296875,0.5481927710843374,0.4132352941176471,0.0,0.0,0.0,15.980545997619629,906.64111328125,0.5474840538625089,0.38872549019607844,0.10526315789473684,0.5,0.058823529411764705,22.700000762939453,17795.541015625,0.5836286321757618,0.19413705466475673,0.0,0.0,0.0,19.0,14562.0205078125,0.5279943302622254,0.27361990950226245,0.20000000000000004,0.23076923076923078,0.17647058823529413
17.933330535888672,1642.232666015625,0.8228206945428773,0.5594481888865386,0.10526315789473684,0.5,0.058823529411764705,16.0,1346.6627197265625,0.6683203401842664,0.46068965517241384,0.43749999999999994,0.4666666666666667,0.4117647058823529,15.60000228881836,955.3253784179688,0.6392629340892984,0.5108823529411766,0.0,0.0,0.0,13.999998092651367,938.1266479492188,0.6619418851878102,0.5922549019607843,0.3,1.0,0.17647058823529413,23.14285659790039,20188.962890625,0.5956768249468463,0.21031018964963033,0.0,0.0,0.0,24.0,17596.3515625,0.5453579021970233,0.3076470588235294,0.24242424242424243,0.25,0.23529411764705882
15.722219467163086,1709.564697265625,0.9255846917080085,0.6167655297413083,0.21052631578947367,1.0,0.11764705882352941,20.000001907348633,1068.380126953125,0.6102055279943304,0.40794117647058825,0.35294117647058826,0.35294117647058826,0.35294117647058826,16.500001907348633,917.6792602539062,0.6945428773919208,0.46179235796882856,0.0,0.0,0.0,17.0,893.20068359375,0.6630049610205528,0.44282123105652516,0.2608695652173913,0.5,0.17647058823529413,21.666669845581055,20389.322265625,0.7207654145995748,0.4699498444654154,0.1111111111111111,1.0,0.058823529411764705,27.000001907348633,18069.142578125,0.4684620836286322,0.1926470588235294,0.11764705882352941,0.11764705882352941,0.11764705882352941
15.583333015441895,1990.0238037109375,0.8997165131112685,0.6307781772178057,0.2857142857142857,0.75,0.17647058823529413,14.000001907348633,1023.8193969726562,0.722537207654146,0.5859558823529412,0.5454545454545455,0.5625,0.5294117647058824,15.900002479553223,968.197265625,0.7274982282069455,0.5141363211951447,0.0,0.0,0.0,16.0,919.6065673828125,0.5949681077250177,0.4318067226890756,0.19047619047619047,0.5,0.11764705882352941,21.999996185302734,21746.81640625,0.6856839121190645,0.3827361853832442,0.1111111111111111,1.0,0.058823529411764705,18.0,14720.5,0.6222537207654146,0.43147058823529416,0.37500000000000006,0.4,0.35294117647058826
13.578946113586426,1325.77392578125,0.8979447200566973,0.7627851519395636,0.2857142857142857,0.75,0.17647058823529413,12.0,1012.1757202148438,0.8189227498228208,0.6909125188536953,0.5999999999999999,0.6923076923076923,0.5294117647058824,15.900002479553223,897.76953125,0.5733522324592487,0.4523529411764706,0.0,0.0,0.0,15.000004768371582,876.9752197265625,0.5719347980155918,0.4258823529411765,0.2,0.6666666666666666,0.11764705882352941,22.66666603088379,15084.5537109375,0.48688873139617295,0.18715686274509802,0.0,0.0,0.0,27.000001907348633,13548.96875,0.47448618001417436,0.19632352941176473,0.12121212121212122,0.125,0.11764705882352941
16.052629470825195,1496.7813720703125,0.8791637136782424,0.4632261379131208,0.19047619047619047,0.5,0.11764705882352941,9.0,1043.629150390625,0.8543586109142453,0.7414052287581699,0.6206896551724139,0.75,0.5294117647058824,17.099998474121094,942.5831909179688,0.5864635010630759,0.3106115779645191,0.0,0.0,0.0,16.020967483520508,930.166748046875,0.5861091424521616,0.3274883286647992,0.2,0.6666666666666666,0.11764705882352941,22.000001907348633,20452.75390625,0.6180014174344437,0.20689971070395372,0.0,0.0,0.0,25.000001907348633,16348.8046875,0.5099220411055989,0.2519852941176471,0.1818181818181818,0.1875,0.17647058823529413
15.421051979064941,1620.0218505859375,0.9227498228206945,0.6116932890623831,0.3478260869565218,0.6666666666666666,0.23529411764705882,10.0,1036.00634765625,0.7526576895818567,0.7137967914438503,0.6428571428571428,0.8181818181818182,0.5294117647058824,15.94999885559082,935.2694091796875,0.6307583274273565,0.5311134453781512,0.0,0.0,0.0,15.000000953674316,919.2603149414062,0.5772501771793055,0.47147058823529414,0.2857142857142857,0.75,0.17647058823529413,23.000001907348633,35202.1875,0.5581148121899363,0.17062091503267976,0.0,0.0,0.0,25.000001907348633,18504.537109375,0.49255846917080087,0.21074660633484166,0.13333333333333333,0.15384615384615385,0.11764705882352941
14.05000114440918,1572.288818359375,0.9748405386250886,0.8927025915261211,0.5833333333333334,1.0,0.4117647058823529,9.0,1002.8915405273438,0.8228206945428775,0.7308823529411765,0.7058823529411765,0.7058823529411765,0.7058823529411765,15.60000228881836,900.60107421875,0.6020552799433027,0.47760504201680676,0.1111111111111111,1.0,0.058823529411764705,14.940032958984375,893.2589721679688,0.6024096385542169,0.4883893557422969,0.2,0.6666666666666666,0.11764705882352941,24.200002670288086,44095.66015625,0.5212615166548548,0.15411764705882353,0.09523809523809523,0.25,0.058823529411764705,24.0,18533.837890625,0.5099220411055989,0.2519852941176471,0.1818181818181818,0.1875,0.17647058823529413
12.100001335144043,1366.875244140625,0.9844082211197732,0.9086516016663075,0.21052631578947367,1.0,0.11764705882352941,7.000000953674316,1002.4583129882812,0.8114812189936216,0.776606334841629,0.7333333333333334,0.8461538461538461,0.6470588235294118,16.0,858.8090209960938,0.6176470588235294,0.6826470588235294,0.0,0.0,0.0,15.000080108642578,853.9874877929688,0.6176470588235294,0.6826470588235294,0.21052631578947367,1.0,0.11764705882352941,23.166667938232422,17556.927734375,0.5584691708008505,0.20976349112861664,0.0,0.0,0.0,22.000001907348633,16163.6826171875,0.5400425230333097,0.29459893048128344,0.21428571428571427,0.2727272727272727,0.17647058823529413
15.526317596435547,1394.88232421875,0.9057406094968108,0.7193176615051615,0.4347826086956522,0.8333333333333334,0.29411764705882354,8.000091552734375,997.648193359375,0.7863217576187103,0.664453781512605,0.625,0.6666666666666666,0.5882352941176471,16.44999885559082,934.02685546875,0.5836286321757619,0.32284313725490194,0.0,0.0,0.0,15.000551223754883,916.9880981445312,0.5542168674698795,0.3198249299719888,0.2,0.6666666666666666,0.11764705882352941,21.666669845581055,20121.3046875,0.6612331679659815,0.3034023561577741,0.1,0.3333333333333333,0.058823529411764705,24.0,13270.3955078125,0.5453579021970233,0.3076470588235294,0.24242424242424243,0.25,0.23529411764705882
17.22222137451172,1702.386474609375,0.9160170092133239,0.5953548134684037,0.19047619047619047,0.5,0.11764705882352941,8.0,1086.2442626953125,0.8288447909284196,0.7529411764705882,0.7272727272727272,0.75,0.7058823529411765,15.900002479553223,1058.013671875,0.6867469879518072,0.503982122260669,0.0,0.0,0.0,16.000408172607422,992.2776489257812,0.5921332388377037,0.3745238095238095,0.19047619047619047,0.5,0.11764705882352941,21.333332061767578,26518.109375,0.582211197732105,0.22567226890756303,0.08333333333333333,0.14285714285714285,0.058823529411764705,23.000001907348633,18874.56640625,0.5340184266477676,0.2832352941176471,0.20689655172413793,0.25,0.17647058823529413
16.26666259765625,4215.66015625,0.8851878100637846,0.6902535696039487,0.4347826086956522,0.8333333333333334,0.29411764705882354,15.000000953674316,1141.4261474609375,0.6229624379872432,0.4848366013071896,0.3846153846153846,0.5555555555555556,0.29411764705882354,16.750003814697266,1081.8287353515625,0.6087880935506733,0.37994471472799646,0.0,0.0,0.0,15.000000953674316,1003.6372680664062,0.5846917080085047,0.393921568627451,0.2857142857142857,0.75,0.17647058823529413,23.400005340576172,31532.11328125,0.5839829907866761,0.17292387543252594,0.0,0.0,0.0,25.000001907348633,29380.17578125,0.4691708008504607,0.15486631016042782,0.07142857142857142,0.09090909090909091,0.058823529411764705
15.789475440979004,1831.0899658203125,0.920623671155209,0.6781234005395281,0.2857142857142857,0.75,0.17647058823529413,14.994597434997559,1152.0374755859375,0.8745570517363571,0.6776470588235294,0.48484848484848486,0.5,0.47058823529411764,16.700000762939453,940.3681640625,0.5818568391211907,0.34294117647058825,0.0,0.0,0.0,16.01007080078125,907.9048461914062,0.5829199149539335,0.3575887021475257,0.19047619047619047,0.5,0.11764705882352941,23.600000381469727,17112.10546875,0.5935506732813608,0.1952405668149613,0.0,0.0,0.0,22.000001907348633,14161.8994140625,0.5868178596739901,0.37372549019607837,0.3125,0.3333333333333333,0.29411764705882354
15.000000953674316,1351.0098876953125,0.9457831325301205,0.695909932163129,0.2,0.6666666666666666,0.11764705882352941,8.0,955.7800903320312,0.8579021970233878,0.7817647058823529,0.6666666666666667,0.9,0.5294117647058824,15.849996566772461,914.5183715820312,0.5832742735648476,0.5552941176470588,0.0,0.0,0.0,15.000000953674316,903.0289306640625,0.5882352941176471,0.658235294117647,0.21052631578947367,1.0,0.11764705882352941,24.666667938232422,23305.51171875,0.44507441530829195,0.13881813862544085,0.0,0.0,0.0,25.999998092651367,19404.041015625,0.4631467044649185,0.15107843137254903,0.06896551724137931,0.08333333333333333,0.058823529411764705
12.500000953674316,1434.689208984375,0.9702338766832034,0.8741830065359477,0.38095238095238093,1.0,0.23529411764705882,8.0,963.427978515625,0.8288447909284196,0.7529411764705882,0.7272727272727272,0.75,0.7058823529411765,16.799997329711914,877.1140747070312,0.569454287739192,0.36901960784313725,0.0,0.0,0.0,16.998868942260742,870.5028686523438,0.5683912119064493,0.36068627450980395,0.1,0.3333333333333333,0.058823529411764705,20.818180084228516,22562.1875,0.6537916371367825,0.22305700013352703,0.0,0.0,0.0,19.0,13005.3974609375,0.5868178596739901,0.37372549019607837,0.3125,0.3333333333333333,0.29411764705882354
16.647056579589844,1307.1573486328125,0.9025513819985825,0.6338436563632918,0.1111111111111111,1.0,0.058823529411764705,12.999999046325684,1014.9580688476562,0.7111977321048901,0.6136274509803921,0.5517241379310345,0.6666666666666666,0.47058823529411764,16.500001907348633,895.1782836914062,0.6137491141034728,0.41645510835913313,0.0,0.0,0.0,15.78300952911377,875.9722290039062,0.6148121899362154,0.41721620227038186,0.2,0.6666666666666666,0.11764705882352941,22.000001907348633,17141.767578125,0.5857547838412474,0.28318596657579703,0.0,0.0,0.0,22.000001907348633,13040.85546875,0.5279943302622254,0.27361990950226245,0.20000000000000004,0.23076923076923078,0.17647058823529413
14.20000171661377,1726.2994384765625,0.9656272147413182,0.8370374465575705,0.45454545454545453,1.0,0.29411764705882354,6.0,1023.7271118164062,0.8703047484053863,0.8356862745098039,0.8125,0.8666666666666667,0.7647058823529411,16.35000228881836,899.4827270507812,0.6204819277108433,0.45705882352941174,0.0,0.0,0.0,14.00009822845459,879.7735595703125,0.6250885896527286,0.4959477124183007,0.3,1.0,0.17647058823529413,21.357145309448242,15912.48046875,0.6506024096385543,0.3624407493493851,0.1111111111111111,1.0,0.058823529411764705,19.0,13032.3515625,0.5807937632884479,0.36330882352941174,0.30303030303030304,0.3125,0.29411764705882354
12.800000190734863,1588.939208984375,0.9659815733522323,0.8496743228577139,0.38095238095238093,1.0,0.23529411764705882,6.0,947.6596069335938,0.8175053153791636,0.8118627450980392,0.7586206896551724,0.9166666666666666,0.6470588235294118,15.799997329711914,962.4701538085938,0.6017009213323884,0.47956582633053224,0.1111111111111111,1.0,0.058823529411764705,15.991827964782715,908.7216796875,0.5825655563430191,0.5381372549019608,0.2,0.6666666666666666,0.11764705882352941,24.200002670288086,18384.27734375,0.442239546420978,0.14097285067873302,0.0,0.0,0.0,22.000001907348633,16477.548828125,0.5106307583274273,0.2338235294117647,0.14814814814814817,0.2,0.11764705882352941
10.499998092651367,1198.527587890625,0.9961020552799433,0.9804502063983488,0.5833333333333334,1.0,0.4117647058823529,7.000000953674316,953.6195678710938,0.8175053153791636,0.8118627450980392,0.7586206896551724,0.9166666666666666,0.6470588235294118,15.099996566772461,860.4116821289062,0.6966690290574061,0.6676470588235295,0.1111111111111111,1.0,0.058823529411764705,13.999971389770508,849.23681640625,0.6420978029766123,0.6374509803921569,0.3636363636363636,0.8,0.23529411764705882,20.909090042114258,12711.4482421875,0.7519489723600283,0.45095578873260533,0.21052631578947367,1.0,0.11764705882352941,17.0,9539.2197265625,0.5988660524450745,0.39936651583710403,0.33333333333333337,0.38461538461538464,0.29411764705882354
15.650003433227539,2652.406494140625,0.9362154500354358,0.7546328479286957,0.3636363636363636,0.8,0.23529411764705882,20.000001907348633,1157.7989501953125,0.5634301913536499,0.33649321266968324,0.26666666666666666,0.3076923076923077,0.23529411764705882,16.29999542236328,969.1293334960938,0.6622962437987242,0.4718062982768865,0.0,0.0,0.0,16.0,952.7540893554688,0.6594613749114102,0.43739675357322416,0.2608695652173913,0.5,0.17647058823529413,22.75,26764.248046875,0.4801559177888023,0.1807739938080495,0.0,0.0,0.0,21.000001907348633,22878.59765625,0.5106307583274273,0.2338235294117647,0.14814814814814817,0.2,0.11764705882352941
13.200000762939453,1693.92724609375,0.9808646350106307,0.8492931360578417,0.2,0.6666666666666666,0.11764705882352941,9.0,1063.251220703125,0.7820694542877393,0.7457843137254903,0.6896551724137931,0.8333333333333334,0.5882352941176471,16.099998474121094,973.2889404296875,0.6622962437987243,0.5535294117647058,0.1111111111111111,1.0,0.058823529411764705,15.000000953674316,921.540283203125,0.5779588944011339,0.4861764705882353,0.2857142857142857,0.75,0.17647058823529413,22.85714340209961,47387.33984375,0.6020552799433027,0.22037389854727316,0.0,0.0,0.0,22.000001907348633,20855.412109375,0.5106307583274273,0.2338235294117647,0.14814814814814817,0.2,0.11764705882352941
14.40000057220459,1846.405517578125,0.9454287739192062,0.6207750963633316,0.2727272727272727,0.6,0.17647058823529413,6.0,1109.953125,0.8408929836995039,0.8065126050420168,0.7741935483870968,0.8571428571428571,0.7058823529411765,16.44999885559082,930.0012817382812,0.6403260099220411,0.596764705882353,0.0,0.0,0.0,15.000076293945312,904.3307495117188,0.6406803685329553,0.6070588235294118,0.21052631578947367,1.0,0.11764705882352941,20.749996185302734,21597.880859375,0.6615875265768958,0.3802450980392157,0.1111111111111111,1.0,0.058823529411764705,19.0,17772.337890625,0.6282778171509568,0.4457563025210084,0.3870967741935484,0.42857142857142855,0.35294117647058826
10.199999809265137,2417.248779296875,0.9985825655563431,0.9930555555555556,0.45454545454545453,1.0,0.29411764705882354,7.000000953674316,947.5931396484375,0.7941176470588236,0.8291176470588235,0.7407407407407407,1.0,0.5882352941176471,16.250003814697266,896.0151977539062,0.553508150248051,0.48676470588235293,0.0,0.0,0.0,15.181072235107422,887.154541015625,0.553508150248051,0.48676470588235293,0.21052631578947367,1.0,0.11764705882352941,22.66666603088379,16620.232421875,0.5425230333097094,0.2726470588235294,0.1818181818181818,0.4,0.11764705882352941,23.000001907348633,15033.4716796875,0.5340184266477676,0.2832352941176471,0.20689655172413793,0.25,0.17647058823529413
12.8125,2006.179931640625,0.9751948972360028,0.7733247567172516,0.6666666666666667,0.9,0.5294117647058824,9.0,1219.0867919921875,0.8054571226080793,0.7463865546218487,0.7096774193548386,0.7857142857142857,0.6470588235294118,16.29999542236328,1109.246826171875,0.7491141034727145,0.49855659911023237,0.0,0.0,0.0,14.000001907348633,1007.1004638671875,0.7321048901488306,0.5661204481792717,0.3478260869565218,0.6666666666666666,0.23529411764705882,21.000001907348633,62627.875,0.6272147413182141,0.20500000000000002,0.0,0.0,0.0,20.000001907348633,22774.0859375,0.6162296243798725,0.4189705882352941,0.3636363636363636,0.375,0.35294117647058826
16.250003814697266,1879.678466796875,0.9014883061658399,0.6659039116416983,0.3636363636363636,0.8,0.23529411764705882,15.000000953674316,1229.9273681640625,0.6871013465627216,0.5302941176470588,0.48484848484848486,0.5,0.47058823529411764,16.049997329711914,1200.5753173828125,0.6732813607370659,0.5065629468570645,0.1111111111111111,1.0,0.058823529411764705,13.00000286102295,1115.05419921875,0.66194188518781,0.5264939309056956,0.38095238095238093,1.0,0.23529411764705882,20.666664123535156,56269.8359375,0.7321048901488305,0.447685521969982,0.0,0.0,0.0,25.000001907348633,19284.8671875,0.515946137491141,0.25823529411764706,0.18750000000000003,0.2,0.17647058823529413
18.636362075805664,2933.437255859375,0.833805811481219,0.4582203652251976,0.24,0.375,0.17647058823529413,17.0,1136.917724609375,0.6516654854712969,0.4746323529411765,0.42424242424242425,0.4375,0.4117647058823529,16.35000228881836,1282.6162109375,0.7306874557051735,0.49623944310165535,0.1111111111111111,1.0,0.058823529411764705,15.000000953674316,1151.5145263671875,0.693479801559178,0.5077450980392156,0.3478260869565218,0.6666666666666666,0.23529411764705882,22.181812286376953,27641.451171875,0.6250885896527286,0.33387401472216793,0.2,0.6666666666666666,0.11764705882352941,18.0,19350.13671875,0.5754783841247343,0.36446524064171126,0.2857142857142857,0.36363636363636365,0.23529411764705882
16.549997329711914,1509.3985595703125,0.9021970233876684,0.551402109969864,0.1,0.3333333333333333,0.058823529411764705,8.0,946.3621826171875,0.8228206945428775,0.7308823529411765,0.7058823529411765,0.7058823529411765,0.7058823529411765,17.64999771118164,965.066650390625,0.527285613040397,0.20330133918369211,0.0,0.0,0.0,18.0,932.6112060546875,0.5209071580439405,0.18920236626118983,0.0,0.0,0.0,22.444440841674805,14264.4677734375,0.5336640680368533,0.22677871148459383,0.1,0.3333333333333333,0.058823529411764705,25.999998092651367,13151.060546875,0.47448618001417436,0.19632352941176473,0.12121212121212122,0.125,0.11764705882352941
19.187498092651367,2973.930419921875,0.8362863217576186,0.5430286618251113,0.2,0.6666666666666666,0.11764705882352941,18.0,1148.060546875,0.5988660524450745,0.39936651583710403,0.33333333333333337,0.38461538461538464,0.29411764705882354,16.44999885559082,1178.1358642578125,0.7696669029057407,0.3898778629098698,0.0,0.0,0.0,14.000001907348633,977.388671875,0.6353649893692417,0.5526470588235295,0.2857142857142857,0.75,0.17647058823529413,24.166664123535156,21628.779296875,0.5910701630049611,0.21740097630564162,0.0,0.0,0.0,22.000001907348633,12739.1181640625,0.5574060949681078,0.3255042016806723,0.2580645161290323,0.2857142857142857,0.23529411764705882
15.052635192871094,3477.48046875,0.966690290574061,0.8442831678125796,0.5217391304347826,1.0,0.35294117647058826,9.0,1063.2471923828125,0.8756201275690999,0.7767647058823529,0.7567567567567567,0.7,0.8235294117647058,15.499999046325684,1049.914306640625,0.6980864635010632,0.5346358543417367,0.0,0.0,0.0,13.538222312927246,977.1542358398438,0.696669029057406,0.6675303454715219,0.3,1.0,0.17647058823529413,22.833335876464844,34822.44140625,0.5963855421686747,0.23838608616044965,0.0,0.0,0.0,20.000001907348633,19416.98046875,0.5287030474840538,0.2766806722689076,0.16666666666666666,0.2857142857142857,0.11764705882352941
18.764705657958984,1737.866455078125,0.8575478384124735,0.4620515079480924,0.0,0.0,0.0,18.0,1149.9781494140625,0.5754783841247343,0.36446524064171126,0.2857142857142857,0.36363636363636365,0.23529411764705882,16.65000343322754,866.5531616210938,0.6070163004961022,0.40040616246498595,0.0,0.0,0.0,16.0000057220459,857.5171508789062,0.6034727143869597,0.3421704439351498,0.19047619047619047,0.5,0.11764705882352941,21.25,18855.9453125,0.5340184266477676,0.19384153661464587,0.0,0.0,0.0,24.0,15006.85546875,0.4684620836286322,0.1926470588235294,0.11764705882352941,0.11764705882352941,0.11764705882352941
15.625001907348633,1541.247314453125,0.9340892983699504,0.7556956115779645,0.4347826086956522,0.8333333333333334,0.29411764705882354,6.0,983.8944702148438,0.8936924167257264,0.8385294117647059,0.8235294117647058,0.8235294117647058,0.8235294117647058,16.65000343322754,944.1405639648438,0.6282778171509568,0.3289495798319328,0.0,0.0,0.0,16.001995086669922,905.9172973632812,0.6420978029766125,0.39160130718954245,0.2,0.6666666666666666,0.11764705882352941,20.27272605895996,19508.4140625,0.6669029057406095,0.33830577918813215,0.10526315789473684,0.5,0.058823529411764705,19.0,14949.10546875,0.5634301913536499,0.33649321266968324,0.26666666666666666,0.3076923076923077,0.23529411764705882
14.529414176940918,3824.969482421875,0.9149539333805812,0.780077030812325,0.38095238095238093,1.0,0.23529411764705882,21.000001907348633,1093.2701416015625,0.5627214741318214,0.3386377708978328,0.27777777777777773,0.2631578947368421,0.29411764705882354,15.349998474121094,990.6980590820312,0.6506024096385543,0.5500980392156863,0.1111111111111111,1.0,0.058823529411764705,13.000005722045898,915.0709838867188,0.6725726435152374,0.6852521008403362,0.38095238095238093,1.0,0.23529411764705882,19.909093856811523,31146.541015625,0.7668320340184267,0.39938881678642124,0.10526315789473684,0.5,0.058823529411764705,21.000001907348633,13862.458984375,0.6162296243798725,0.4189705882352941,0.3636363636363636,0.375,0.35294117647058826
15.588238716125488,1380.341064453125,0.9386959603118356,0.7502253075143102,0.38095238095238093,1.0,0.23529411764705882,11.000000953674316,969.4228515625,0.7406094968107724,0.6508597285067874,0.5999999999999999,0.6923076923076923,0.5294117647058824,16.35000228881836,916.4566040039062,0.6307583274273566,0.3638235294117647,0.0,0.0,0.0,15.000000953674316,895.14453125,0.5754783841247343,0.3309982174688057,0.19047619047619047,0.5,0.11764705882352941,23.22222328186035,21100.404296875,0.5503189227498229,0.16607843137254902,0.0,0.0,0.0,25.000001907348633,12861.4208984375,0.48653437278525863,0.20525210084033613,0.12903225806451615,0.14285714285714285,0.11764705882352941
15.300000190734863,1279.4691162109375,0.8979447200566975,0.7037077930968316,0.3636363636363636,0.8,0.23529411764705882,10.0,961.060791015625,0.770021261516655,0.6862605042016807,0.6451612903225806,0.7142857142857143,0.5882352941176471,16.700000762939453,926.7802734375,0.5251594613749114,0.26862745098039215,0.0,0.0,0.0,15.00713062286377,902.1544189453125,0.5322466335931963,0.31869747899159667,0.21052631578947367,1.0,0.11764705882352941,21.25,27009.482421875,0.5758327427356484,0.27058307533539727,0.0,0.0,0.0,19.0,15838.884765625,0.5574060949681078,0.3255042016806723,0.2580645161290323,0.2857142857142857,0.23529411764705882
13.94117546081543,1542.77294921875,0.9659815733522324,0.7432714752567694,0.6153846153846153,0.8888888888888888,0.47058823529411764,7.000000953674316,967.20556640625,0.8582565556343019,0.7847058823529411,0.7647058823529412,0.7647058823529411,0.7647058823529411,15.300000190734863,1105.180419921875,0.65024805102764,0.5465966386554622,0.1111111111111111,1.0,0.058823529411764705,12.999999046325684,1050.580810546875,0.6619418851878102,0.5868627450980393,0.4347826086956522,0.8333333333333334,0.29411764705882354,21.727277755737305,25533.462890625,0.686392629340893,0.31747296836124245,0.09523809523809523,0.25,0.058823529411764705,20.000001907348633,20786.03515625,0.6041814316087881,0.3981372549019607,0.34285714285714286,0.3333333333333333,0.35294117647058826
13.315791130065918,1548.64208984375,0.9557051736357193,0.8023712408501631,0.5384615384615384,0.7777777777777778,0.4117647058823529,6.0,1011.4718017578125,0.8408929836995039,0.8065126050420168,0.7741935483870968,0.8571428571428571,0.7058823529411765,16.700000762939453,900.8828735351562,0.566619418851878,0.39633053221288517,0.0,0.0,0.0,16.99418830871582,897.447265625,0.5627214741318214,0.3018627450980392,0.0,0.0,0.0,21.714282989501953,21211.1484375,0.5804394046775336,0.18624441265868052,0.0,0.0,0.0,27.000001907348633,15485.0849609375,0.42771084337349397,0.085,0.0,0.0,0.0
13.166664123535156,1529.0526123046875,0.9578313253012049,0.8078909108340668,0.5,0.8571428571428571,0.35294117647058826,9.0,943.0440063476562,0.8167965981573353,0.7112745098039216,0.6857142857142857,0.6666666666666666,0.7058823529411765,16.0,1242.177734375,0.6537916371367825,0.5426050420168067,0.0,0.0,0.0,12.999999046325684,987.6732177734375,0.6665485471296952,0.6241176470588234,0.38095238095238093,1.0,0.23529411764705882,23.500003814697266,26976.890625,0.6279234585400426,0.2223903359021884,0.0,0.0,0.0,25.999998092651367,13859.470703125,0.5212615166548548,0.28264705882352936,0.2162162162162162,0.2,0.23529411764705882
18.80000114440918,1624.8802490234375,0.8401842664776754,0.454893440475658,0.0,0.0,0.0,16.0,1036.9033203125,0.6282778171509568,0.4457563025210084,0.3870967741935484,0.42857142857142855,0.35294117647058826,17.450002670288086,919.3128662109375,0.5481927710843374,0.21605042016806722,0.0,0.0,0.0,19.0,915.4009399414062,0.5457122608079377,0.21257872846108136,0.0,0.0,0.0,22.285715103149414,19345.986328125,0.607016300496102,0.31155637254901963,0.19047619047619047,0.5,0.11764705882352941,17.0,18123.1953125,0.6403260099220411,0.4814705882352941,0.41379310344827586,0.5,0.35294117647058826
15.9375,2132.838134765625,0.9312544294826364,0.7619206773618539,0.5217391304347826,1.0,0.35294117647058826,6.0,898.4877319335938,0.8408929836995039,0.8065126050420168,0.7741935483870968,0.8571428571428571,0.7058823529411765,16.44999885559082,1051.358154296875,0.7072997873848335,0.4413878278584161,0.0,0.0,0.0,15.994855880737305,994.3109741210938,0.5481927710843374,0.41323529411764703,0.2,0.6666666666666666,0.11764705882352941,22.000001907348633,26555.58984375,0.5705173635719347,0.20470588235294115,0.0,0.0,0.0,25.000001907348633,21391.90625,0.4918497519489724,0.23718266253869968,0.16666666666666669,0.15789473684210525,0.17647058823529413
13.649999618530273,1383.992919921875,0.9624379872430899,0.8293922145517247,0.4347826086956522,0.8333333333333334,0.29411764705882354,14.000001907348633,987.2344360351562,0.6757618710134655,0.5475490196078432,0.4827586206896552,0.5833333333333334,0.4117647058823529,16.0,874.93359375,0.6218993621545004,0.4845098039215686,0.0,0.0,0.0,14.01830768585205,830.6829223632812,0.5733522324592487,0.4523529411764706,0.3,1.0,0.17647058823529413,22.444440841674805,22511.400390625,0.6102055279943303,0.24004727582732696,0.1,0.3333333333333333,0.058823529411764705,27.000001907348633,14707.056640625,0.4684620836286322,0.1926470588235294,0.11764705882352941,0.11764705882352941,0.11764705882352941
15.68750286102295,1663.46240234375,0.9330262225372077,0.5832996959965595,0.2727272727272727,0.6,0.17647058823529413,9.0,945.66259765625,0.7760453579021971,0.7137330316742082,0.6666666666666667,0.7692307692307693,0.5882352941176471,16.799997329711914,1004.1337280273438,0.5386250885896527,0.23456582633053222,0.0,0.0,0.0,16.006704330444336,914.6553344726562,0.556343019135365,0.26737394957983196,0.1818181818181818,0.4,0.11764705882352941,22.299997329711914,22791.81640625,0.5875265768958186,0.21052095347943098,0.0,0.0,0.0,22.000001907348633,17395.595703125,0.5340184266477676,0.2832352941176471,0.20689655172413793,0.25,0.17647058823529413
16.85000228881836,1374.4542236328125,0.8671155209071579,0.6273076483459683,0.2857142857142857,0.75,0.17647058823529413,11.000000953674316,1046.7501220703125,0.7519489723600284,0.6232352941176471,0.5882352941176471,0.5882352941176471,0.5882352941176471,15.900002479553223,938.9872436523438,0.7236002834868887,0.5437485582468281,0.0,0.0,0.0,13.32883358001709,921.3803100585938,0.6704464918497519,0.5240790255496137,0.38095238095238093,1.0,0.23529411764705882,22.000001907348633,18871.6328125,0.6970233876683203,0.2790421811440462,0.0,0.0,0.0,24.0,13798.080078125,0.5219702338766833,0.2653781512605042,0.1935483870967742,0.21428571428571427,0.17647058823529413
13.937499046325684,1473.8360595703125,0.9645641389085755,0.8280269004153386,0.5,0.8571428571428571,0.35294117647058826,8.0,961.4091796875,0.8228206945428775,0.7308823529411765,0.7058823529411765,0.7058823529411765,0.7058823529411765,16.099998474121094,939.7872314453125,0.6612331679659815,0.44461457659987075,0.0,0.0,0.0,12.999999046325684,913.23583984375,0.6555634301913537,0.5388235294117647,0.3636363636363636,0.8,0.23529411764705882,20.5,24712.55078125,0.6722182849043232,0.43126050420168066,0.0,0.0,0.0,23.000001907348633,22528.388671875,0.5513819985825655,0.3159803921568627,0.25,0.26666666666666666,0.23529411764705882
15.166666030883789,2043.405517578125,0.9525159461374911,0.6863499245852187,0.19047619047619047,0.5,0.11764705882352941,11.000000953674316,1190.4781494140625,0.8260099220411057,0.7205017301038064,0.6206896551724139,0.75,0.5294117647058824,16.29999542236328,1053.3271484375,0.6098511693834161,0.41683940242763773,0.0,0.0,0.0,16.0,1000.666015625,0.5949681077250177,0.44105042016806717,0.3333333333333333,0.5714285714285714,0.23529411764705882,23.249998092651367,29162.8828125,0.49397590361445787,0.16183624801271862,0.0,0.0,0.0,25.999998092651367,25684.810546875,0.4510985116938342,0.14512605042016807,0.06451612903225808,0.07142857142857142,0.058823529411764705
13.999998092651367,1848.009521484375,0.966690290574061,0.7998526885910788,0.2,0.6666666666666666,0.11764705882352941,6.0,1012.755615234375,0.8469170800850461,0.8394796380090498,0.8000000000000002,0.9230769230769231,0.7058823529411765,15.900002479553223,894.3547973632812,0.5825655563430191,0.5381372549019608,0.0,0.0,0.0,16.0,875.7775268554688,0.5815024805102764,0.49647058823529416,0.10526315789473684,0.5,0.058823529411764705,24.0,20294.265625,0.5219702338766833,0.2653781512605042,0.1935483870967742,0.21428571428571427,0.17647058823529413,24.0,20294.265625,0.5219702338766833,0.2653781512605042,0.1935483870967742,0.21428571428571427,0.17647058823529413
11.399999618530273,1768.54248046875,0.971296952515946,0.84655430065113,0.5925925925925927,0.8,0.47058823529411764,5.000000476837158,943.4114379882812,0.8763288447909283,0.8666386554621848,0.8387096774193549,0.9285714285714286,0.7647058823529411,15.300000190734863,944.43408203125,0.7487597448618001,0.6812337662337662,0.0,0.0,0.0,13.085067749023438,927.6137084960938,0.7498228206945428,0.695035650623886,0.38095238095238093,1.0,0.23529411764705882,22.250001907348633,14886.6357421875,0.6697377746279234,0.21827108456638425,0.0,0.0,0.0,23.000001907348633,12058.1064453125,0.5393338058114813,0.3002941176470588,0.23529411764705882,0.23529411764705882,0.23529411764705882
12.399998664855957,1380.751220703125,0.9858256555634302,0.9294269744096735,0.5833333333333334,1.0,0.4117647058823529,5.000000476837158,997.1849975585938,0.8993621545003544,0.8777450980392156,0.8275862068965517,1.0,0.7058823529411765,15.900002479553223,1046.6103515625,0.6860382707299787,0.5933155080213903,0.0,0.0,0.0,14.001773834228516,975.7540893554688,0.666194188518781,0.6181652661064425,0.3,1.0,0.17647058823529413,20.285717010498047,24158.072265625,0.7108433734939759,0.4311296340398507,0.10526315789473684,0.5,0.058823529411764705,17.0,21173.759765625,0.6048901488306166,0.4153921568627451,0.3448275862068966,0.4166666666666667,0.29411764705882354
20.071430206298828,2902.784912109375,0.8189227498228207,0.4357970030259275,0.25,0.42857142857142855,0.17647058823529413,23.000001907348633,1195.521728515625,0.6389085754783842,0.4469607843137255,0.39024390243902435,0.3333333333333333,0.47058823529411764,17.099998474121094,978.7369384765625,0.6700921332388377,0.3228471064539176,0.0,0.0,0.0,17.0,951.9154052734375,0.6608788093550674,0.4006230705998508,0.25,0.42857142857142855,0.17647058823529413,24.666667938232422,23638.859375,0.5088589652728561,0.15660134378499438,0.0,0.0,0.0,24.0,18192.4609375,0.5279943302622254,0.27361990950226245,0.20000000000000004,0.23076923076923078,0.17647058823529413
13.894739151000977,1235.357666015625,0.9503897944720057,0.7488754574669013,0.3636363636363636,0.8,0.23529411764705882,11.000000953674316,1048.646484375,0.9110559886605244,0.7820588235294117,0.6206896551724139,0.75,0.5294117647058824,16.500001907348633,877.7634887695312,0.6417434443656981,0.6335294117647059,0.0,0.0,0.0,15.01733112335205,864.6738891601562,0.6119773210489015,0.5855882352941177,0.21052631578947367,1.0,0.11764705882352941,22.125003814697266,26996.501953125,0.631467044649185,0.30397565922920894,0.1111111111111111,1.0,0.058823529411764705,25.999998092651367,12575.3896484375,0.48653437278525863,0.20525210084033613,0.12903225806451615,0.14285714285714285,0.11764705882352941
15.000000953674316,1714.8232421875,0.9326718639262934,0.7225911631620975,0.5517241379310345,0.6666666666666666,0.47058823529411764,17.0,1195.850830078125,0.6924167257264351,0.5189915966386555,0.4736842105263158,0.42857142857142855,0.5294117647058824,16.29999542236328,1227.7421875,0.6771793054571227,0.4108841158841159,0.0,0.0,0.0,15.000000953674316,1020.0535278320312,0.6991495393338059,0.5052412293588764,0.2727272727272727,0.6,0.17647058823529413,23.333330154418945,18131.544921875,0.6002834868887313,0.20255844645550528,0.0,0.0,0.0,24.0,13007.232421875,0.48051027639971655,0.20049019607843138,0.125,0.13333333333333333,0.11764705882352941
14.166666984558105,1510.1868896484375,0.9663359319631467,0.8366023682200153,0.5,0.8571428571428571,0.35294117647058826,11.000000953674316,1030.0953369140625,0.7172218284904324,0.6439304812834226,0.5714285714285714,0.7272727272727273,0.47058823529411764,16.149999618530273,984.9280395507812,0.7771084337349398,0.53,0.0,0.0,0.0,16.0,961.0219116210938,0.7413182140326009,0.5335160427807486,0.10526315789473684,0.5,0.058823529411764705,23.000001907348633,20728.7265625,0.5733522324592487,0.20169671334632974,0.0,0.0,0.0,19.0,15680.9521484375,0.6048901488306166,0.4153921568627451,0.3448275862068966,0.4166666666666667,0.29411764705882354
11.210529327392578,1464.1470947265625,0.994330262225372,0.9660947712418302,0.45454545454545453,1.0,0.29411764705882354,6.0,964.3614501953125,0.8469170800850461,0.8394796380090498,0.8000000000000002,0.9230769230769231,0.7058823529411765,16.049997329711914,875.9913940429688,0.6832034018426647,0.5482174688057041,0.0,0.0,0.0,15.000000953674316,862.5366821289062,0.6527285613040397,0.49792717086834737,0.2727272727272727,0.6,0.17647058823529413,24.500003814697266,21003.53515625,0.48334514528703043,0.15994017946161518,0.0,0.0,0.0,25.999998092651367,11439.435546875,0.4390503189227498,0.14066176470588238,0.06060606060606061,0.0625,0.058823529411764705
16.923080444335938,2492.62255859375,0.8933380581148123,0.5795797705046931,0.2727272727272727,0.6,0.17647058823529413,12.999999046325684,1113.1231689453125,0.6878100637845499,0.6058823529411765,0.5185185185185185,0.7,0.4117647058823529,16.700000762939453,1116.27294921875,0.6498936924167258,0.3711786987522282,0.0,0.0,0.0,15.000000953674316,1020.469482421875,0.572289156626506,0.4302941176470588,0.2857142857142857,0.75,0.17647058823529413,21.857141494750977,33793.1328125,0.5786676116229625,0.299294670846395,0.2,0.6666666666666666,0.11764705882352941,24.0,19409.484375,0.5219702338766833,0.2653781512605042,0.1935483870967742,0.21428571428571427,0.17647058823529413
14.437498092651367,2576.767578125,0.9560595322466336,0.8342418048300402,0.3,1.0,0.17647058823529413,11.000000953674316,1005.0587158203125,0.770021261516655,0.6862605042016807,0.6451612903225806,0.7142857142857143,0.5882352941176471,17.199996948242188,951.8259887695312,0.540396881644224,0.28774509803921566,0.0,0.0,0.0,17.548660278320312,933.363037109375,0.5407512402551382,0.32941176470588235,0.1,0.3333333333333333,0.058823529411764705,23.111112594604492,26746.36328125,0.5822111977321048,0.1879954032895209,0.0,0.0,0.0,24.0,20680.09375,0.4691708008504607,0.15486631016042782,0.07142857142857142,0.09090909090909091,0.058823529411764705
12.631580352783203,1444.2532958984375,0.9709425939050319,0.8235420461891051,0.2857142857142857,0.75,0.17647058823529413,10.0,1081.103271484375,0.7172218284904324,0.6439304812834226,0.5714285714285714,0.7272727272727273,0.47058823529411764,16.250003814697266,890.9912109375,0.6318214032600993,0.4546778711484594,0.0,0.0,0.0,16.807064056396484,879.1537475585938,0.631467044649185,0.45663865546218485,0.0,0.0,0.0,23.125003814697266,19453.234375,0.5570517363571935,0.2487235803412274,0.0,0.0,0.0,22.000001907348633,14695.9521484375,0.5868178596739901,0.37372549019607837,0.3125,0.3333333333333333,0.29411764705882354
